2023-03-13T00:13:11.001+09:00,Rizingblare,KeyEvent,65535:18:8,230308,Editor,C:/Users/Rizin/OneDrive/Desktop/23-1 C++/230308/main.cpp,,37,1,Changes
2023-03-13T00:13:11.040+09:00,Rizingblare,KeyEvent,65535:17:10,230308,Editor,C:/Users/Rizin/OneDrive/Desktop/23-1 C++/230308/main.cpp,,37,1,Changes
2023-03-13T00:13:11.159+09:00,Rizingblare,KeyEvent,65535:16:11,230308,Editor,C:/Users/Rizin/OneDrive/Desktop/23-1 C++/230308/main.cpp,,37,1,Changes
2023-03-13T00:13:11.288+09:00,Rizingblare,Action,ActivityTracker-Popup,230308,Editor,C:/Users/Rizin/OneDrive/Desktop/23-1 C++/230308/main.cpp,,37,1,Changes
2023-03-13T00:13:11.347+09:00,Rizingblare,KeyEvent,65535:79:11,230308,Editor,C:/Users/Rizin/OneDrive/Desktop/23-1 C++/230308/main.cpp,,37,1,Changes
2023-03-13T00:13:13.798+09:00,Rizingblare,Action,Clear Tracking Log,,,,,-1,-1,
2023-03-13T00:13:17.416+09:00,Rizingblare,KeyEvent,65535:17:2,230308,Editor,C:/Users/Rizin/OneDrive/Desktop/23-1 C++/230308/main.cpp,,8,10,Changes
2023-03-13T00:13:17.435+09:00,Rizingblare,KeyEvent,65535:18:10,230308,Editor,C:/Users/Rizin/OneDrive/Desktop/23-1 C++/230308/main.cpp,,8,10,Changes
2023-03-13T00:13:17.588+09:00,Rizingblare,KeyEvent,65535:16:11,230308,Editor,C:/Users/Rizin/OneDrive/Desktop/23-1 C++/230308/main.cpp,,8,10,Changes
2023-03-13T00:13:17.737+09:00,Rizingblare,Action,ActivityTracker-Popup,230308,Editor,C:/Users/Rizin/OneDrive/Desktop/23-1 C++/230308/main.cpp,,8,10,Changes
2023-03-13T00:13:17.792+09:00,Rizingblare,KeyEvent,65535:79:11,230308,Editor,C:/Users/Rizin/OneDrive/Desktop/23-1 C++/230308/main.cpp,,8,10,Changes
2023-03-13T00:13:27.511+09:00,Rizingblare,KeyEvent,65535:17:2,230308,Editor,C:/Users/Rizin/OneDrive/Desktop/23-1 C++/230308/main.cpp,,10,13,Changes
2023-03-13T00:13:27.736+09:00,Rizingblare,KeyEvent,65535:18:10,230308,Editor,C:/Users/Rizin/OneDrive/Desktop/23-1 C++/230308/main.cpp,,10,13,Changes
2023-03-13T00:13:27.908+09:00,Rizingblare,KeyEvent,65535:16:11,230308,Editor,C:/Users/Rizin/OneDrive/Desktop/23-1 C++/230308/main.cpp,,10,13,Changes
2023-03-13T00:13:28.089+09:00,Rizingblare,Action,ActivityTracker-Popup,230308,Editor,C:/Users/Rizin/OneDrive/Desktop/23-1 C++/230308/main.cpp,,10,13,Changes
2023-03-13T00:13:28.146+09:00,Rizingblare,KeyEvent,65535:79:11,230308,Editor,C:/Users/Rizin/OneDrive/Desktop/23-1 C++/230308/main.cpp,,10,13,Changes
2023-03-13T00:13:29.321+09:00,Rizingblare,Action,Start/Stop Activity Tracking,,,,,-1,-1,
